model,rmse,mae,mape,r2
random_forest,3778.5547813054054,2840.246188396249,25.78171833693065,-0.09425320264240744
adaboost,3821.1141359465864,2938.534777512284,31.33405722558478,-0.11904203592838258
decision_tree,4259.11870914354,3166.257303012301,29.121273510422697,-0.3902915077892062
