model,rmse_mean,rmse_std,mae_mean,mae_std,mape_mean,mape_std,r2_mean,r2_std
adaboost,898.2188003496415,127.03301458519901,602.4957509842565,52.16030832551588,6.495980740280538,0.1891035716554094,0.9013117023721148,0.020442208817166057
decision_tree,1553.2582701708302,373.497090512978,873.7720041247062,146.88063400237849,8.976100367704298,1.2879517356341033,0.7152354493243975,0.0666202203564787
random_forest,1080.841199734879,164.11337091863192,652.2696504506907,91.04494949118705,6.599222162670915,0.4321370571025167,0.8585556891370631,0.022498951332648273
