model,rmse,mae,mape,r2
adaboost,1070.372846149966,684.9111454069453,6.781815161253555,0.912191502358052
random_forest,1232.082669994468,749.0910573250394,7.054228750441628,0.8836554408297377
decision_tree,1739.4441661191893,965.515518198655,9.630392188642073,0.7681071455650819
